indicado,pres_brasil_pessoa,pres_brasil_partido,pres_senado_pessoa,pres_senado_partido,pres_ccj_pessoa,pres_ccj_partido,relator_pessoa,relator_partido,fonte
Paulo Brossard,José Sarney,PMDB,Nelson Carneiro,PMDB,Alfredo Campos,PMDB,Mauro Benevides,PMDB,"BRASIL. Senado Federal. Relatório da Presidência. Referente aos trabalhos da 2ª Sessão Legislativa Ordinária da 48º Legislatura. Secretaria Geral da Mesa, Brasília, 1988."
Sepúlveda Pertence,José Sarney,PMDB,Nelson Carneiro,PMDB,Cid Sabóia de Carvalho,PMDB,Maurício Corrêa,PDT,"BRASIL. Senado Federal. Relatório da Presidência. Referente aos trabalhos da 3ª Sessão Legislativa Ordinária da 48º Legislatura. Secretaria Geral da Mesa, Brasília, 1989."
Celso de Mello,José Sarney,PMDB,Nelson Carneiro,PMDB,Cid Sabóia de Carvalho,PMDB,José Paulo Bisol,PSB,"BRASIL. Senado Federal. Relatório da Presidência. Referente aos trabalhos da 3ª Sessão Legislativa Ordinária da 48º Legislatura. Secretaria Geral da Mesa, Brasília, 1989."
Carlos Velloso,Fernando Collor de Mello,PRN,Nelson Carneiro,PMDB,Cid Sabóia de Carvalho,PMDB,Lourival Baptista,PFL,"BRASIL. Senado Federal. Relatório da Presidência. Referente aos trabalhos da 4ª Sessão Legislativa Ordinária e 3ª e 4ª Sessões Legislativas Extraordinárias da 48º Legislatura. Secretaria Geral da Mesa, Brasília, 1990."
Marco Aurélio de Mello,Fernando Collor de Mello,PRN,Nelson Carneiro,PMDB,Cid Sabóia de Carvalho,PMDB,Mauro Benevides,PMDB,"BRASIL. Senado Federal. Relatório da Presidência. Referente aos trabalhos da 4ª Sessão Legislativa Ordinária e 3ª e 4ª Sessões Legislativas Extraordinárias da 48º Legislatura. Secretaria Geral da Mesa, Brasília, 1990."
Ilmar Galvão,Fernando Collor de Mello,PRN,Mauro Benevides,PMDB,Nelson Carneiro,PMDB,Lourival Baptista,PFL,"BRASIL. Senado Federal. Relatório da Presidência. Referente aos trabalhos da 1ª Sessão Legislativa Ordinária da 49º Legislatura. Secretaria Geral da Mesa, Brasília, 1991."
Maurício Corrêa,Itamar Franco,Sem Partido,Humberto Lucena,PMDB,Iram Saraiva,PMDB,Francisco Rollemberg,PMN,"BRASIL. Senado Federal. Relatório da Presidência. Referente aos trabalhos da 4ª Sessão Legislativa Ordinária da 49º Legislatura. Secretaria Geral da Mesa, Brasília, 1994."
Nelson Jobim,Fernando Henrique Cardoso,PSDB,Antônio Carlos Magalhães,PFL,Bernardo Cabral,PFL,Pedro Simon,PMDB,"BRASIL. Senado Federal. Relatório da Presidência:Senado Federal e Congresso Nacional. Brasília, Senado Federal, Secretaria-Geral da Mesa, 1997."
Ellen Gracie,Fernando Henrique Cardoso,PSDB,Antônio Carlos Magalhães,PFL,José Agripino,PFL,José Fogaça,PMDB,"BRASIL. Senado Federal. Relatório da Presidência:Senado Federal e Congresso Nacional. Brasília, Senado Federal, Secretaria-Geral da Mesa, 2000."
Gilmar Mendes,Fernando Henrique Cardoso,PSDB,Ramez Tebet,PMDB,Bernardo Cabral,PFL,Lúcio Alcântara,PSDB,"BRASIL. Senado Federal. Relatório da Presidência:Senado Federal e Congresso Nacional. Brasília, Senado Federal, Secretaria-Geral da Mesa, 2002."
Cezar Peluso,Luiz Inácio Lula da Silva,PT,José Sarney,PMDB,Edison Lobão,PFL,João Alberto Souza,PMDB,"BRASIL. Senado Federal. Relatório da Presidência:Senado Federal e Congresso Nacional. Brasília, Senado Federal, Secretaria-Geral da Mesa, 2003."
Ayres Britto,Luiz Inácio Lula da Silva,PT,José Sarney,PMDB,Edison Lobão,PFL,Antônio Carlos Valadares,PSB,"BRASIL. Senado Federal. Relatório da Presidência:Senado Federal e Congresso Nacional. Brasília, Senado Federal, Secretaria-Geral da Mesa, 2003."
Joaquim Barbosa,Luiz Inácio Lula da Silva,PT,José Sarney,PMDB,Edison Lobão,PFL,César Borges,PFL,"BRASIL. Senado Federal. Relatório da Presidência:Senado Federal e Congresso Nacional. Brasília, Senado Federal, Secretaria-Geral da Mesa, 2003."
Eros Grau,Luiz Inácio Lula da Silva,PT,José Sarney,PMDB,Edison Lobão,PFL,Pedro Simon,PMDB,"BRASIL. Senado Federal. Relatório da Presidência:Senado Federal e Congresso Nacional. Brasília, Senado Federal, Secretaria-Geral da Mesa, 2004."
Ricardo Lewandowski,Luiz Inácio Lula da Silva,PT,Renan Calheiros,PMDB,Edison Lobão,PFL,Ramez Tebet,PMDB,"BRASIL. Senado Federal. Relatório da Presidência:Senado Federal e Congresso Nacional. Brasília, Senado Federal, Secretaria-Geral da Mesa, 2006."
Cármen Lúcia,Luiz Inácio Lula da Silva,PT,Renan Calheiros,PMDB,Edison Lobão,PFL,Eduardo Azeredo,PSDB,"BRASIL. Senado Federal. Relatório da Presidência:Senado Federal e Congresso Nacional. Brasília, Senado Federal, Secretaria-Geral da Mesa, 2006."
Menezes Direito,Luiz Inácio Lula da Silva,PT,Garibaldi Alves Filho,PMDB,Antônio Carlos Magalhães,PFL,Valter Pereira,PMDB,"BRASIL. Senado Federal. Relatório da Presidência: Senado Federal e Congresso Nacional / Presidência: Senador Garibaldi Alves Filho – Brasília : Senado Federal, Secretaria-Geral da Mesa, 2007."
Dias Toffoli,Luiz Inácio Lula da Silva,PT,José Sarney,PMDB,Demóstenes Torres,PMDB,Francisco Dornelles,PP,"BRASIL. Senado FederalRelatório da Presidência: Senado Federal e Congresso Nacional/ Presidência: Senador José Sarney – Brasília: Senado Federal, Secretaria-Geral da Mesa, 2009."
Luiz Fux,Dilma Rousseff,PT,José Sarney,PMDB,Eunício Oliveira,PMDB,Marcelo Crivella,Republicanos,"BRASIL. Senado FederalRelatório da Presidência: Senado Federal e Congresso Nacional / Presidência: Senador José Sarney – Brasília: Senado Federal, Secretaria-Geral da Mesa, 2011"
Rosa Weber,Dilma Rousseff,PT,José Sarney,PMDB,Eunício Oliveira,PMDB,Romero Jucá,PMDB,"BRASIL. Senado Federal. Relatório da Presidência: Senado Federal e Congresso Nacional / Presidência: Senador José Sarney – Brasília: Senado Federal, Secretaria-Geral da Mesa, 2011"
Teori Zavascki,Dilma Rousseff,PT,José Sarney,PMDB,Eunício Oliveira,PMDB,Renan Calheiros,PMDB,"BRASIL. Senado Federal. Relatório da Presidência: Senado Federal e Congresso Nacional / Presidência: Senador José Sarney – Brasília: Senado Federal, Secretaria-Geral da Mesa, 2012"
Luis Roberto Barroso,Dilma Rousseff,PT,Renan Calheiros,PMDB,Anibal Diniz (em exercício),PT,Vital do Rêgo,PMDB,"BRASIL. Senado Federal.  Relatório da Presidência: Senado Federal e Congresso Nacional / Presidência: Senador Renan Calheiros – Brasília : Senado Federal, Secretaria-Geral da Mesa, 2013."
Edson Fachin,Dilma Rousseff,PT,Renan Calheiros,PMDB,José Maranhão,PMDB,Álvaro Dias,PSDB,"BRASIL. Senado Federal.  Relatório da Presidência : Senado Federal e Congresso Nacional / Presidência: Senador Renan Calheiros. -- Brasília : Senado Federal, Secretaria-Geral da Mesa, 2016"
Alexandre de Moraes,Michel Temer,PMDB,Eunício Oliveira,PMDB,Edison Lobão,PMDB,Eduardo Braga,PMDB,"BRASIL. Senado Federal. Relatório da Presidência : Senado Federal e Congresso Nacional / Presidência: Senador Eunício Oliveira. -- Brasília : Senado Federal, Secretaria-Geral da Mesa, 2017"
Kássio Nunes Marques,Jair Bolsonaro,PL,Davi Alcolumbre,DEM,Simone Tebet,PMDB,Rodrigo Pacheco,DEM," BRASIL. Senado Federal. Relatório da Presidência : Senado Federal e Congresso Nacional / Presidência: Senador Davi Alcolumbre. -- Brasília : Senado Federal, Secretaria-Geral da Mesa, 2020."
André Mendonça,Jair Bolsonaro,PL,Rodrigo Pacheco,PSD,Davi Alcolumbre,PMDB,Eliziane Gama,Cidadania,"BRASIL. Senado Federal. Relatório da Presidência : Senado Federal e Congresso Nacional / Presidência: Senador Rodrigo Pacheco. -- Brasília : Senado Federal, Secretaria-Geral da Mesa, 2021"
Cristiano Zanin,Luiz Inácio Lula da Silva,PT,Rodrigo Pacheco,PSD,Davi Alcolumbre,União,Vital do Rêgo,PMDB,"BRASIL. Senado Federal. Relatório da Presidência : Senado Federal e Congresso Nacional / Presidência: Senador Rodrigo Pacheco. -- Brasília : Senado Federal, Secretaria-Geral da Mesa, 2023"
Flávio Dino,Luiz Inácio Lula da Silva,PT,Rodrigo Pacheco,PSD,Davi Alcolumbre,União,Weverton,PDT,"BRASIL. Senado Federal. Relatório da Presidência : Senado Federal e Congresso Nacional / Presidência: Senador Rodrigo Pacheco. -- Brasília : Senado Federal, Secretaria-Geral da Mesa, 2023"
Jorge Messias,Luiz Inácio Lula da Silva,PT,Davi Alcolumbre,União,Otto Alencar,PSD,Weverton,PDT,"BRASIL. Senado Federal. Relatório da Presidência : Senado Federal e Congresso Nacional / Presidência: Senador Rodrigo Pacheco. -- Brasília : Senado Federal, Secretaria-Geral da Mesa, 2026"
